,AIRPORT,CITY,STATE,CITY_MARKET_ID
0,ANI,Aniak,AK,30304
1,ANV,Anvik,AK,30313
2,AUK,Alakanuk,AK,30416
3,BET,Bethel,AK,30113
4,CHU,Chuathbaluk,AK,30996
5,CKD,Crooked Creek,AK,31028
6,EMK,Emmonak,AK,31550
7,FAI,Fairbanks,AK,31517
8,GAL,Galena,AK,31844
9,HCR,Holy Cross,AK,32087
10,KGX,Grayling,AK,32676
11,KLG,Kalskag,AK,32719
12,KSM,St. Mary's,AK,32807
13,KTS,Brevig Mission,AK,32822
14,MOU,Mountain Village,AK,33434
15,RSH,Russian Mission,AK,34627
16,SHX,Shageluk,AK,34816
17,SLQ,Sleetmute,AK,34880
18,SVA,Savoonga,AK,35049
19,AIN,Wainwright,AK,30225
20,ANC,Anchorage,AK,30299
21,KKI,Akiachak,AK,32709
22,MCG,McGrath,AK,33196
23,OOK,Toksook,AK,33894
24,PAQ,Palmer,AK,34013
25,UNK,Unalakleet,AK,35478
26,CZF,Cape Romanzof,AK,31241
27,EHM,Cape Newenham,AK,31512
28,KKH,Kongiganak,AK,32708
29,KUK,Kasigluk,AK,32831
30,NUP,Nunapitchuk,AK,33770
31,RBY,Ruby,AK,34474
32,RDV,Red Devil,AK,34493
33,SRV,Stony River,AK,34987
34,SXP,Sheldon Point,AK,35085
35,ATK,Atqasuk,AK,30396
36,ATT,Atmautluak,AK,30405
37,BTI,Barter Island,AK,30775
38,LNI,Lonely,AK,30032
39,PIZ,Point Lay,AK,34125
40,WTK,Noatak,AK,31464
41,WTL,Tuntutuliak,AK,35862
42,KWN,Quinhagak,AK,32853
43,HSL,Huslia,AK,32214
44,HPB,Hooper Bay,AK,32195
45,IAN,Kiana,AK,32268
46,ABL,Ambler,AK,30139
47,GMT,Granite Mountain,AK,30003
48,ORV,Noorvik,AK,33942
49,FWL,Farewell,AK,31825
50,SMK,St. Michael,AK,34895
51,WLK,Selawik,AK,30020
52,PQS,Pilot Station,AK,34234
53,GLV,Golovin,AK,31941
54,SHG,Shungnak,AK,34804
55,BRW,Barrow,AK,30107
56,BVU,Beluga,AK,36390
57,MLL,Marshall,AK,33369
58,SKK,Shaktoolik,AK,34856
59,VAK,Chevak,AK,35554
60,CYF,Chefornak,AK,31227
61,KOT,Kotlik,AK,32769
62,KWT,Kwethluk,AK,32855
63,SCC,Deadhorse,AK,30073
64,KAL,Kaltag,AK,32615
65,KYU,Koyukuk,AK,32868
66,NUL,Nulato,AK,33768
67,WMO,White Mountain,AK,35794
68,WBB,Stebbins,AK,35721
69,EEK,Eek,AK,31492
70,GAM,Gambell,AK,31845
71,PHO,Point Hope,AK,34102
72,BKC,Buckland,AK,30640
73,OME,Nome,AK,33873
74,MCI,Kansas City,MO,33198
75,MCC,Sacramento,CA,33192
76,SEA,Seattle,WA,30559
77,SIT,Sitka,AK,34828
78,JNU,Juneau,AK,32523
79,ONT,Ontario,CA,32575
80,BJI,Bemidji,MN,30631
81,CO3,Marina,CA,31093
82,HNL,Honolulu,HI,32134
83,ACY,Atlantic City,NJ,30158
84,ADQ,Kodiak,AK,30070
85,MFR,Medford,OR,33264
86,STL,St. Louis,MO,31123
87,CAE,Columbia,SC,30868
88,OAJ,Jacksonville/Camp Lejeune,NC,33795
89,ELM,Elmira/Corning,NY,31537
90,PBG,Plattsburgh,NY,34025
91,SJU,San Juan,PR,34819
92,LIH,Lihue,HI,32982
93,ROA,Roanoke,VA,34574
94,IAH,Houston,TX,31453
95,SHH,Shishmaref,AK,34805
96,PDX,Portland,OR,34057
97,SAT,San Antonio,TX,33214
98,MEM,Memphis,TN,33244
99,DEN,Denver,CO,30325
100,ELP,El Paso,TX,30615
101,LAX,Los Angeles,CA,32575
102,SDF,Louisville,KY,33044
103,DLH,Duluth,MN,31337
104,LRD,Laredo,TX,33038
105,LFT,Lafayette,LA,32951
106,PFN,Panama City,FL,31481
107,TUS,Tucson,AZ,30436
108,MSN,Madison,WI,33485
109,SHV,Shreveport,LA,30476
110,CHO,Charlottesville,VA,30990
111,TUL,Tulsa,OK,34653
112,SJC,San Jose,CA,32457
113,GSP,Greer,SC,31871
114,BOS,Boston,MA,30721
115,SLE,Salem,OR,34871
116,EWR,Newark,NJ,31703
117,RFD,Rockford,IL,34512
118,CBE,Cumberland,MD,30888
119,RNO,Reno,NV,34570
120,RIC,Richmond,VA,34524
121,DFW,Dallas/Fort Worth,TX,30194
122,FLG,Flagstaff,AZ,31695
123,MDW,Chicago,IL,30977
124,MIA,Miami,FL,32467
125,ACV,Arcata/Eureka,CA,30157
126,PBI,West Palm Beach/Palm Beach,FL,34027
127,IAD,Washington,VA,30852
128,BHM,Birmingham,AL,30599
129,ABY,Albany,GA,30146
130,SNA,Santa Ana,CA,32575
131,BTV,Burlington,VT,30785
132,PHL,Philadelphia,PA,34100
133,HOM,Homer,AK,30009
134,LCK,Columbus,OH,31066
135,BDL,Hartford,CT,30529
136,LBB,Lubbock,TX,32896
137,AUS,Austin,TX,30423
138,SLC,Salt Lake City,UT,34614
139,DSM,Des Moines,IA,31423
140,CLE,Cleveland,OH,30647
141,ICT,Wichita,KS,30928
142,YIP,Detroit,MI,31295
143,BFI,Seattle,WA,30559
144,ORD,Chicago,IL,30977
145,KOA,Kona,HI,32758
146,UKI,Ukiah,CA,35458
147,RUT,Rutland,VT,34648
148,NUI,Nuiqsut,AK,33767
149,GEG,Spokane,WA,31884
150,SBN,South Bend,IN,34696
151,OMA,Omaha,NE,33316
152,OTH,North Bend/Coos Bay,OR,33964
153,AFW,Dallas/Fort Worth,TX,30194
154,CVG,Cincinnati,KY,33105
155,EXI,Excursion Inlet,AK,31619
156,MYU,Mekoryuk,AK,33579
157,ABE,Allentown/Bethlehem/Easton,PA,30135
158,CLL,College Station/Bryan,TX,31049
159,AKN,King Salmon,AK,30245
160,MHR,Sacramento,CA,33192
161,TOL,Toledo,OH,35165
162,VCV,Victorville,CA,35570
163,ILN,Wilmington,OH,32324
164,FWA,Fort Wayne,IN,31823
165,MKE,Milwaukee,WI,33342
166,CKB,Clarksburg/Fairmont,WV,31027
167,FSD,Sioux Falls,SD,31775
168,UGI,Uganik,AK,35446
169,OLF,Wolf Point,MT,33862
170,NYL,Yuma,AZ,33785
171,COS,Colorado Springs,CO,30189
172,FLL,Fort Lauderdale,FL,32467
173,SMF,Sacramento,CA,33192
174,TYS,Knoxville,TN,35412
175,CHS,Charleston,SC,30994
176,BWI,Baltimore,MD,30852
177,NLG,Nelson Lagoon,AK,33704
178,WRG,Wrangell,AK,35841
179,CDB,Cold Bay,AK,30082
180,GFK,Grand Forks,ND,31898
181,OAK,Oakland,CA,32457
182,IMT,Iron Mountain/Kingsfd,MI,32335
183,CLT,Charlotte,NC,31057
184,DRO,Durango,CO,30285
185,BED,Bedford,MA,30540
186,RSW,Fort Myers,FL,31714
187,HYG,Hydaburg,AK,32252
188,PIT,Pittsburgh,PA,30198
189,LCH,Lake Charles,LA,31205
190,DRT,Del Rio,TX,31335
191,CYS,Cheyenne,WY,31233
192,GJT,Grand Junction,CO,31921
193,STX,Christiansted,VI,34992
194,VCT,Victoria,TX,35569
195,SBP,San Luis Obispo,CA,34236
196,LAW,Lawton/Fort Sill,OK,32891
197,ATW,Appleton,WI,30408
198,AOO,Altoona,PA,30322
199,OGG,Kahului,HI,33830
200,JFK,New York,NY,31703
201,LGB,Long Beach,CA,32575
202,KLL,Levelock,AK,32720
203,LGD,La Grande,OR,32956
204,SYR,Syracuse,NY,35096
205,IND,Indianapolis,IN,32337
206,HTS,Ashland,WV,32223
207,BZN,Bozeman,MT,30849
208,ADS,Dallas,TX,30194
209,GSO,Greensboro/High Point,NC,31995
210,RHI,Rhinelander,WI,34520
211,BIL,Billings,MT,30620
212,BIS,Bismarck/Mandan,ND,30627
213,FMN,Farmington,NM,31711
214,INT,Winston-Salem,NC,32348
215,GRR,Grand Rapids,MI,31986
216,ELI,Elim,AK,31535
217,ABQ,Albuquerque,NM,30140
218,ARC,Arctic Village,AK,30349
219,SGU,St. George,UT,34794
220,MGW,Morgantown,WV,33282
221,BNA,Nashville,TN,30693
222,MSP,Minneapolis,MN,31650
223,SFO,San Francisco,CA,32457
224,KTN,Ketchikan,AK,31401
225,ONP,Newport,OR,33890
226,TVF,Thief River Falls,MN,35381
227,JQF,CONCORD,NC,32544
228,KKB,Kitoi Bay,AK,32705
229,MTM,Metlakatla,AK,33504
230,TPA,Tampa,FL,33195
231,NZY,San Diego,CA,33570
232,TLT,Tuluksak,AK,35257
233,HRL,Harlingen/San Benito,TX,32206
234,OTZ,Kotzebue,AK,33970
235,WWT,Newtok,AK,35887
236,KKA,Koyuk,AK,32704
237,WRI,Fort Dix,NJ,35842
238,GPT,Gulfport/Biloxi,MS,31973
239,GUM,Guam,TT,32016
240,RAP,Rapid City,SD,34457
241,EAR,Kearney,NE,31468
242,PHX,Phoenix,AZ,30466
243,DTW,Detroit,MI,31295
244,ATL,Atlanta,GA,30397
245,IAB,Wichita,KS,30928
246,RKS,Rock Springs,WY,34543
247,MCO,Orlando,FL,31454
248,SGF,Springfield,MO,34783
249,EAA,Eagle,AK,31463
250,BMI,Bloomington/Normal,IL,30685
251,SDP,Sandpoint,AK,34738
252,DOV,Dover,DE,31375
253,NZC,Jacksonville,FL,31136
254,SPN,Saipan,TT,34955
255,PIB,Hattiesburg/Laurel,MS,34109
256,FNT,Flint,MI,31721
257,SMX,Santa Maria,CA,34905
258,NCN,Chenega,AK,31501
259,PPV,Port Protection,AK,34229
260,DAL,Dallas,TX,30194
261,OKC,Oklahoma City,OK,33851
262,PVD,Providence,RI,30721
263,OBU,Kobuk,AK,33806
264,RST,Rochester,MN,32547
265,TSP,Tehachapi,CA,35344
266,BOI,Boise,ID,30713
267,CDV,Cordova,AK,30913
268,VRB,Vero Beach,FL,35628
269,BUR,Burbank,CA,32575
270,SAN,San Diego,CA,33570
271,KMY,Moser Bay,AK,32743
272,AVP,Scranton/Wilkes-Barre,PA,30434
273,JAX,Jacksonville,FL,31136
274,SUU,Fairfield,CA,35045
275,MKC,Kansas City,MO,33198
276,PSG,Petersburg,AK,34256
277,BTT,Bettles,AK,30783
278,WA4,Medical Lake,WA,35705
279,ALB,Albany,NY,30257
280,MDT,Harrisburg,PA,32070
281,SCE,State College,PA,34711
282,DCA,Washington,VA,30852
283,BLD,Boulder City,NV,30661
284,KWK,Kwigillingok,AK,32851
285,SBA,Santa Barbara,CA,34689
286,DLG,Dillingham,AK,31336
287,FVQ,Donlin Creek Mine,AK,31813
288,CIU,Sault Ste. Marie,MI,31013
289,MLU,Monroe,LA,33377
290,RDU,Raleigh/Durham,NC,34492
291,ISO,Kinston,NC,32390
292,PTU,Platinum,AK,31406
293,DQH,Alpine,AK,30033
294,EGA,Chenega,AK,31501
295,APN,Alpena,MI,30333
296,PKA,Napaskiak,AK,34130
297,GTR,Columbus,MS,30894
298,AHN,Athens,GA,30216
299,BFL,Bakersfield,CA,30561
300,VPS,Valparaiso,FL,31504
301,PQI,Presque Isle/Houlton,ME,34231
302,ITO,Hilo,HI,32402
303,TLA,Teller,AK,35245
304,MRY,Monterey,CA,34922
305,CHA,Chattanooga,TN,30980
306,MYR,Myrtle Beach,SC,31135
307,LBF,North Platte,NE,32899
308,PWM,Portland,ME,34321
309,HIF,Ogden,UT,32131
310,LIT,Little Rock,AR,32600
311,BFM,Mobile,AL,30562
312,CWA,Mosinee,WI,30424
313,BUF,Buffalo,NY,30792
314,CPR,Casper,WY,31122
315,AXN,Alexandria,MN,30449
316,LEX,Lexington,KY,32945
317,BHB,Bar Harbor,ME,30589
318,NME,Nightmute,AK,33710
319,HSV,Huntsville,AL,30255
320,LAS,Las Vegas,NV,32211
321,ORH,Worcester,MA,33933
322,PTH,Port Heiden,AK,34273
323,IPL,El Centro,CA,32363
324,HII,Lake Havasu City,AZ,32132
325,UTM,Tunica,MS,35502
326,MWH,Moses Lake,WA,33546
327,RBG,Roseburg,OR,34467
328,PSC,Pasco/Kennewick/Richland,WA,34252
329,EUG,Eugene,OR,31603
330,MSY,New Orleans,LA,33495
331,LAN,Lansing,MI,32884
332,EVV,Evansville,IN,31612
333,IPT,Williamsport,PA,32365
334,HYL,Hollis,AK,32253
335,PDT,Pendleton,OR,34054
336,BRO,Brownsville,TX,30747
337,LMT,Klamath Falls,OR,33024
338,ILG,Wilmington,DE,32320
339,GRB,Green Bay,WI,31977
340,VEE,Venetie,AK,35581
341,ROC,Rochester,NY,34576
342,FRG,East Farmingdale,NY,31764
343,MGM,Montgomery,AL,33277
344,APA,Denver,CO,30325
345,MQT,Marquette,MI,33459
346,HUS,Hughes,AK,32235
347,JST,Johnstown,PA,32559
348,DRG,Deering,AK,31411
349,PIA,Peoria,IL,34108
350,CRP,Corpus Christi,TX,31140
351,GYY,Gary,IN,30977
352,LNY,Lanai,HI,33034
353,BPT,Beaumont/Port Arthur,TX,30728
354,GTF,Great Falls,MT,31895
355,JAC,Jackson,WY,32441
356,WAA,Wales,AK,35709
357,BRD,Brainerd,MN,30739
358,AMA,Amarillo,TX,30279
359,AGN,Angoon,AK,30204
360,ROP,Rota,TT,34582
361,SCF,Phoenix,AZ,30466
362,GLH,Greenville,MS,31931
363,BLI,Bellingham,WA,30666
364,YNG,Youngstown/Warren,OH,36133
365,SWF,Newburgh/Poughkeepsie,NY,31703
366,GUP,Gallup,NM,32018
367,SSB,Christiansted,VI,34992
368,MHV,Mojave,CA,33297
369,SCM,Scammon Bay,AK,34718
370,SJT,San Angelo,TX,34842
371,CID,Cedar Rapids/Iowa City,IA,31003
372,FOE,Topeka,KS,31726
373,ORF,Norfolk,VA,33667
374,WFB,Ketchikan,AK,31401
375,RDB,Red Dog,AK,34485
376,FAT,Fresno,CA,31638
377,MVW,Burlington/Mount Vernon,WA,33540
378,FYV,Fayetteville,AR,31834
379,PRB,Paso Robles,CA,34236
380,OPF,Miami,FL,32467
381,HOT,Hot Springs,AR,32190
382,MCN,Macon,GA,33155
383,DAY,Dayton,OH,31267
384,JMS,Jamestown,ND,32519
385,KTB,Thorne Bay,AK,32815
386,GNV,Gainesville,FL,31953
387,KZB,Zachar Bay,AK,32869
388,YUM,Yuma,AZ,33785
389,PIH,Pocatello,ID,34113
390,ILI,Iliamna,AK,32321
391,CAK,Akron,OH,30647
392,ODW,Oak Harbor,WA,33821
393,LGA,New York,NY,31703
394,BKG,Branson,MO,30643
395,BTR,Baton Rouge,LA,30781
396,PTA,Port Alsworth,AK,34268
397,MHT,Manchester,NH,30721
398,VOK,Camp Douglas,WI,35620
399,JAN,Jackson/Vicksburg,MS,32448
400,CIC,Chico,CA,31002
401,PAE,Everett,WA,34004
402,PGA,Page,AZ,34081
403,WNA,Napakiak,AK,35798
404,MRI,Anchorage,AK,30299
405,KVC,King Cove,AK,32841
406,MYK,May Creek,AK,33574
407,AKI,Akiak,AK,30241
408,KKK,Kalakaket,AK,32711
409,EAT,Wenatchee,WA,31470
410,DUT,Unalaska,AK,31445
411,AEX,Alexandria,LA,30185
412,XWA,Granite Point,AK,35934
413,AOS,Amook Bay,AK,30324
414,MER,Atwater,CA,33249
415,EKA,Eureka,CA,30157
416,VIS,Visalia,CA,35601
417,KBC,Birch Creek,AK,32621
418,UAM,Guam,TT,32016
419,ZXT,Cloverdale,CA,36352
420,MSO,Missoula,MT,33486
421,PIE,St. Petersburg,FL,33195
422,TOG,Togiak,AK,35293
423,SFF,Spokane,WA,31884
424,ATS,Artesia,NM,30404
425,RME,Rome,NY,34553
426,TLH,Tallahassee,FL,35249
427,EAU,Eau Claire,WI,31471
428,BGR,Bangor,ME,30581
429,KCL,Chignik Lagoon,AK,32631
430,HKB,Healy,AK,32141
431,CVO,Corvallis,OR,31198
432,NIB,Nikolai,AK,33676
433,ESC,Escanaba,MI,31587
434,ABI,Abilene,TX,30136
435,GCN,Grand Canyon,AZ,30463
436,OQC,Cinder River Lodge,AK,33903
437,DAB,Daytona Beach,FL,31252
438,PTK,Pontiac,MI,34275
439,ENN,Nenana,AK,31559
440,ANB,Anniston,AL,30298
441,PKB,Parkersburg,WV,34131
442,STS,Santa Rosa,CA,34433
443,AND,Anderson,SC,30300
444,IYK,Inyokern,CA,32436
445,SQA,Santa Ynez,CA,34965
446,CMH,Columbus,OH,31066
447,RQW,Parowan,UT,34615
448,UXR,Monument Valley,UT,35532
449,NGU,Norfolk,VA,33667
450,HOU,Houston,TX,31453
451,MOT,Minot,ND,33304
452,HPN,White Plains,NY,31703
453,PUC,Price,UT,34289
454,PGD,Punta Gorda,FL,34082
455,DIK,Dickinson,ND,31315
456,HIK,Honolulu,HI,32134
457,WSN,South Naknek,AK,35853
458,SFB,Sanford,FL,34761
459,FYU,Fort Yukon,AK,31833
460,C01,Camarillo,CA,30857
461,GRI,Grand Island,NE,31980
462,UTO,Utopia,AK,35504
463,LAF,Lafayette,IN,32878
464,BIH,Bishop,CA,30617
465,BOK,Brookings,OR,30715
466,ACT,Waco,TX,30155
467,CEC,Crescent City,CA,30930
468,STT,Charlotte Amalie,VI,34945
469,EWN,New Bern/Morehead/Beaufort,NC,31617
470,PML,Port Moller,AK,34167
471,ENA,Kenai,AK,31555
472,OMK,Omak,WA,33876
473,MAF,Midland/Odessa,TX,33158
474,LGU,Logan,UT,32965
475,CSG,Columbus,GA,31150
476,WBQ,Beaver,AK,35725
477,BMG,Bloomington,IN,30683
478,GNU,Goodnews Bay,AK,31952
479,GCC,Gillette,WY,31865
480,PIR,Pierre,SD,34120
481,MGE,Marietta,GA,33273
482,ERI,Erie,PA,31577
483,YKM,Yakima,WA,36101
484,YAK,Yakutat,AK,35991
485,AVL,Asheville,NC,30431
486,FTW,Dallas/Fort Worth,TX,30194
487,MVM,Kayenta,AZ,33536
488,LVM,Livingston,MT,33118
489,SBY,Salisbury,MD,34704
490,MWA,Marion/Herrin,IL,33543
491,SUN,Sun Valley/Hailey/Ketchum,ID,35041
492,KPN,Kipnuk,AK,32779
493,XNA,Fayetteville,AR,31834
494,MDO,Middleton Island,AK,33226
495,PLN,Pellston,MI,34150
496,SWO,Stillwater,OK,35074
497,ADW,Camp Springs,MD,30172
498,BFD,Bradford,PA,30557
499,KVL,Kivalina,AK,32844
500,FSM,Fort Smith,AR,31778
501,MCW,Mason City,IA,33211
502,DHN,Dothan,AL,31308
503,CGA,Craig,AK,30961
504,CRW,Charleston/Dunbar,WV,31146
505,RDD,Redding,CA,33792
506,ATY,Watertown,SD,30409
507,IDA,Idaho Falls,ID,32280
508,MCK,McCook,NE,33200
509,AUG,Augusta/Waterville,ME,30414
510,CDC,Cedar City,UT,30918
511,TVC,Traverse City,MI,35380
512,JZT,Arlington,TX,32598
513,MIE,Muncie/Anderson/Newcastle,IN,33307
514,KPV,Perryville,AK,32784
515,STG,St. George Island,AK,35012
516,EGX,Egegik,AK,31511
517,WKK,Aleknagik,AK,35774
518,MTH,Marathon,FL,33501
519,DQR,Peach Springs,AZ,30011
520,ISP,Islip,NY,31703
521,MKK,Hoolehua,HI,33347
522,MQY,Smyrna,TN,33461
523,EFD,Houston,TX,31453
524,SVS,Stevens Village,AK,35061
525,JHW,Jamestown,NY,32494
526,PDB,Pedro Bay,AK,34046
527,SAV,Savannah,GA,34685
528,MQJ,Indianapolis,IN,32337
529,TNK,Tununak,AK,35282
530,FAR,Fargo,ND,31637
531,CEM,Central,AK,30938
532,SHD,Staunton,VA,34802
533,SUS,St. Louis,MO,31123
534,ACK,Nantucket,MA,30154
535,CLP,Clarks Point,AK,31053
536,A07,Selawik,AK,30020
537,PHF,Newport News/Williamsburg,VA,33667
538,RDM,Bend/Redmond,OR,34489
539,DRF,Drift River,AK,31410
540,COD,Cody,WY,31097
541,LAR,Laramie,WY,32888
542,BFF,Scottsbluff,NE,30558
543,POB,Fayetteville,NC,31641
544,TLJ,Tatalina,AK,35250
545,VIK,Kavik River,AK,35599
546,ILM,Wilmington,NC,32323
547,ESD,Eastsound,WA,31588
548,LSE,La Crosse,WI,33076
549,GCK,Garden City,KS,31867
550,PSM,Portsmouth,NH,34259
551,HAE,Havasupai,AZ,32061
552,OLH,Old Harbor,AK,33863
553,BDR,Bridgeport,CT,30535
554,AET,Allakaket,AK,30184
555,OCF,Ocala,FL,33809
556,BWG,Bowling Green,KY,30819
557,PGV,Greenville,NC,34092
558,FAY,Fayetteville,NC,31641
559,LNK,Lincoln,NE,33029
560,SNP,St. Paul,AK,34919
561,WRL,Worland,WY,35843
562,CEF,Chicopee Falls,MA,30933
563,DQP,Georgetown,KY,31396
564,CKX,Chicken,AK,31036
565,KOY,Olga Bay,AK,32771
566,MMU,Morristown,NJ,33398
567,FRD,Friday Harbor,WA,31646
568,ZXH,Chomondely Sound,AK,36340
569,ISN,Williston,ND,32389
570,EDA,Edna Bay,AK,31484
571,MRC,Columbia,TN,33464
572,KPC,Port Clarence,AK,32774
573,MEO,Manteo,NC,33246
574,LUK,Cincinnati,OH,33105
575,BQN,Aguadilla,PR,30732
576,SKW,Skwentna,AK,34863
577,GST,Gustavus,AK,31997
578,PNS,Pensacola,FL,33728
579,ABR,Aberdeen,SD,30141
580,NKI,Naukiti,AK,33693
581,BKW,Beckley,WV,30654
582,TEB,Teterboro,NJ,35167
583,MBS,Saginaw/Bay City/Midland,MI,33184
584,HDN,Hayden,CO,34699
585,LWS,Lewiston,ID,33127
586,MHK,Manhattan/Ft. Riley,KS,33290
587,GDC,Greenville,SC,31871
588,AKP,Anaktuvuk Pass,AK,30247
589,BWD,Brownwood,TX,30817
590,EYW,Key West,FL,31624
591,PPG,Pago Pago,TT,34222
592,IGG,Igiugig,AK,32294
593,GDV,Glendive,MT,31879
594,TAL,Tanana,AK,35124
595,KCC,Coffman Cove,AK,32633
596,RMP,Rampart,AK,34559
597,TKJ,Tok,AK,35236
598,IKO,Nikolski,AK,32315
599,OSC,Oscoda,MI,33947
600,WJF,Lancaster,CA,34162
601,ROW,Roswell,NM,34588
602,VNY,Van Nuys,CA,32575
603,XXO,Hurricane,UT,35972
604,RQI,Nixon Fork Mine,AK,34601
605,ZNC,Nyac,AK,36311
606,PDK,Atlanta,GA,30397
607,FCA,Kalispell,MT,31648
608,BKL,Cleveland,OH,30647
609,KWF,Waterfall,AK,32847
610,GKN,Gulkana,AK,31924
611,ALO,Waterloo,IA,30268
612,SGY,Skagway,AK,34797
613,AZA,Phoenix,AZ,30466
614,GYR,Goodyear,AZ,30466
615,NKT,Cherry Point,NC,33697
616,BLF,Princeton/Bluefield,WV,30663
617,LVD,Lime Village,AK,33115
618,COU,Columbia,MO,32474
619,TRI,Bristol/Johnson City/Kingsport,TN,35323
620,TEK,Tatitlek,AK,35171
621,MOB,Mobile,AL,30562
622,PIP,Pilot Point,AK,34119
623,XXU,Ashland,OR,35978
624,CMX,Hancock/Houghton,MI,31076
625,LUR,Cape Lisburne,AK,33111
626,SMO,Santa Monica,CA,32575
627,CLM,Port Angeles,WA,31050
628,AZO,Kalamazoo,MI,30469
629,AST,Astoria/Seaside,OR,30385
630,KCQ,Chignik,AK,32631
631,KCG,Chignik Bay,AK,32631
632,CIK,Chalkyitsik,AK,31007
633,MTO,Mattoon/Charleston,IL,33506
634,MFE,Mission/McAllen/Edinburg,TX,33256
635,GLR,Gaylord,MI,31938
636,BWS,Blaine,WA,30825
637,KNW,New Stuyahok,AK,32755
638,EDF,Anchorage,AK,30299
639,GGG,Longview,TX,31905
640,TCL,Tuscaloosa,AL,35153
641,HIB,Hibbing,MN,32129
642,JZE,Trading Bay,AK,30114
643,HYS,Hays,KS,32255
644,ZXC,Gasquet,CA,36336
645,TCT,Takotna,AK,35160
646,MDH,Carbondale,IL,33221
647,MSL,Muscle Shoals,AL,33484
648,WRB,Macon,GA,33155
649,WQM,Lake Charles,LA,31205
650,LSF,Columbus,GA,31150
651,TWF,Twin Falls,ID,35389
652,OR2,Gleneden,OR,33926
653,XXW,Lake City,FL,35980
654,JHM,Kapalua,HI,32492
655,BSZ,Bartletts,AK,30770
656,A36,Deep Bay,AK,30049
657,SVN,Savannah,GA,34685
658,EIL,Fairbanks,AK,31517
659,CZN,Chisana,AK,31245
660,HYA,Hyannis,MA,32250
661,BAD,Shreveport,LA,30476
662,DUJ,DuBois,PA,31441
663,MIV,Millville,NJ,33321
664,TMB,Miami,FL,32467
665,KPR,Port Williams,AK,32782
666,SHR,Sheridan,WY,34812
667,SLN,Salina,KS,34877
668,TNC,Tin City,AK,35278
669,KNK,Kokhanok,AK,32748
670,MVY,Martha's Vineyard,MA,33541
671,FOK,Westhampton,NY,31728
672,KPY,Port Bailey,AK,32785
673,LMA,Lake Minchumina,AK,33016
674,DJN,Delta Junction,AK,31327
675,BTL,Battle Creek,MI,30778
676,KGK,Koliganek,AK,32671
677,PSP,Palm Springs,CA,34262
678,FOD,Fort Dodge,IA,31725
679,GRK,Killeen,TX,31982
680,FKL,Franklin/Oil City,PA,31684
681,BIG,Big Delta,AK,30616
682,AKB,Atka,AK,30237
683,BIF,El Paso,TX,30615
684,CMI,Champaign/Urbana,IL,31067
685,SYA,Shemya,AK,35090
686,HST,Homestead,FL,32216
687,GGW,Glasgow,MT,31908
688,A83,Petrof Point,AK,30096
689,ITH,Ithaca/Cortland,NY,32397
690,GBD,Great Bend,KS,31856
691,TBN,Fort Leonard Wood,MO,35138
692,HSH,Las Vegas,NV,32211
693,XXP,Lakeport,CA,35973
694,RIW,Riverton/Lander,WY,34534
695,KEK,Ekwok,AK,32653
696,EGE,Eagle,CO,31503
697,NGF,Kaneohe,HI,33662
698,KYK,Karluk,AK,32866
699,ALS,Alamosa,CO,30272
700,BLV,Belleville,IL,30676
701,PSB,Philipsburg,PA,34711
702,KPB,Point Baker,AK,32773
703,PGM,Port Graham,AK,34088
704,TCM,Tacoma,WA,31979
705,TYE,Tyonek,AK,35406
706,PUB,Pueblo,CO,34288
707,SAC,Sacramento,CA,33192
708,MXY,McCarthy,AK,33564
709,CHZ,Chiloquin,OR,30999
710,ZXM,Saltery Cove,AK,36345
711,LBE,Latrobe,PA,32898
712,BAF,Westfield,MA,30478
713,DOF,Dora Bay,AK,31367
714,SRQ,Sarasota/Bradenton,FL,34986
715,MBL,Manistee/Ludington,MI,33182
716,RCE,Roche Harbor,WA,34477
717,IRC,Circle,AK,32370
718,PUW,Pullman,WA,34303
719,KFP,False Pass,AK,32663
720,CFA,Coffee Point,AK,30951
721,STP,Minneapolis/St. Paul,MN,31650
722,PTV,Porterville,CA,34283
723,RIV,Riverside,CA,34454
724,XXY,Fortuna,CA,35982
725,PVY,Pope Vanoy,AK,34316
726,GEK,Ganes Creek,AK,31885
727,ELY,Ely,NV,31547
728,IGM,Kingman,AZ,32297
729,MIB,Minot,ND,33304
730,GBH,Galbraith Lake,AK,31859
731,DEC,Decatur,IL,31288
732,SNS,Salinas/Monterey,CA,34922
733,BCE,Bryce Canyon,UT,30511
734,NQX,Key West,FL,31624
735,AGC,Pittsburgh,PA,30198
736,KXA,Kasaan,AK,32857
737,CYM,Chatham,AK,31230
738,DPA,Chicago,IL,30977
739,DMA,Tucson,AZ,30436
740,ADK,Adak Island,AK,30165
741,KPM,Napamute,AK,32778
742,DYS,Abilene,TX,30136
743,03A,Granite Mountain,AK,30003
744,FDY,Findlay,OH,31659
745,SVC,Silver City/Hurley,NM,35051
746,CAD,Cadillac,MI,30867
747,SUX,Sioux City,IA,35048
748,OFK,Norfolk,NE,33825
749,SXQ,Soldotna,AK,35086
750,SYB,Seal Bay,AK,35091
751,AIA,Alliance,NE,30221
752,WQH,Dorris,CA,35820
753,WHD,Hyder,AK,35754
754,NKX,San Diego,CA,33570
755,RBB,Ugashik,AK,34464
756,FBK,Fairbanks,AK,31517
757,LSV,Las Vegas,NV,32211
758,MZJ,Marana,AZ,33587
759,AGS,Augusta,GA,30208
760,ASX,Ashland,WI,30388
761,LFI,Newport News/Hampton,VA,33667
762,LBL,Liberal,KS,32902
763,MCF,Tampa,FL,33195
764,TYR,Tyler,TX,35411
765,EKO,Elko,NV,31525
766,TUP,Tupelo,MS,35374
767,QQB,Keyes Point,AK,34412
768,MNT,Minto,AK,33415
769,APC,Napa,CA,30327
770,HMN,Alamogordo,NM,30266
771,WWP,Whale Pass,AK,35885
772,UMT,Umiat,AK,35472
773,SPI,Springfield,IL,34952
774,HNM,Hana,HI,32174
775,SOV,Seldovia,AK,34942
776,SDY,Sidney,MT,34745
777,STE,Stevens Point,WI,30424
778,LRU,Las Cruces,NM,33072
779,AKK,Akhiok,AK,30243
780,SIG,San Juan,PR,34819
781,RAC,Racine,WI,34447
782,HON,Huron,SD,32185
783,CLF,Clear,AK,31043
784,MLS,Miles City,MT,33375
785,UGB,Pilot Point,AK,34119
786,PAM,Panama City,FL,31481
787,KWP,West Point,AK,32854
788,HKY,Hickory,NC,32149
789,WCR,Chandalar,AK,35731
790,KMO,Manokotak,AK,32737
791,MLY,Manley Hot Springs,AK,33381
792,VZY,Katmai Lodge,AK,35700
793,CXF,Coldfoot,AK,31214
794,TKA,Talkeetna,AK,35228
795,XXN,Willits,CA,35971
796,DCK,Dahl Creek,AK,31280
797,S27,Kalispell,MT,31648
798,TXK,Texarkana,AR,35401
799,SZL,Knob Noster,MO,35108
800,IFP,Bullhead City,AZ,30590
801,BGM,Binghamton,NY,30577
802,FHU,Fort Huachuca,AZ,31673
803,OLV,Olive Branch,MS,33870
804,DDC,Dodge City,KS,31283
805,HES,Hermiston,OR,32103
806,HNS,Haines,AK,31402
807,NQA,Millington,TN,33244
808,NNL,Nondalton,AK,33715
809,CDL,Candle,AK,30923
810,EAG,Noatak,AK,31464
811,CPS,St. Louis,MO,31123
812,WVI,Watsonville,CA,35877
813,II3,De Kalb,IL,32307
814,PGO,Pagosa Springs,CO,34089
815,RWI,Rocky Mount,NC,34656
816,ALZ,Lazy Bay,AK,30278
817,KEB,Nanwalek,AK,32649
818,JZM,Hog River,AK,32591
819,O85,Redding,CA,33792
820,CEZ,Cortez,CO,30950
821,VZN,Wildman Creek,AK,35689
822,VWL,Bemidji,MN,30631
823,ELN,Ellensburg,WA,31538
824,FTG,Denver,CO,30325
825,PVU,Provo,UT,34314
826,TIX,Titusville,FL,35221
827,SVW,Sparrevohn,AK,35063
828,WA5,Winthrop,WA,35706
829,DVL,Devils Lake,ND,31447
830,UUK,Kuparuk,AK,35508
831,05A,Little Squaw,AK,30005
832,LYH,Lynchburg,VA,33139
833,ENV,Wendover,UT,31563
834,IAG,Niagara Falls,NY,32265
835,OR3,Florence,OR,33927
836,SOW,Show Low,AZ,34943
837,HLN,Helena,MT,32156
838,TRM,Thermal,CA,34262
839,HGR,Hagerstown,MD,32119
840,LKV,Lakeview,OR,33009
841,FWH,Fort Worth,TX,30194
842,RQY,Comanche,TX,34617
843,CXO,Conroe,TX,31219
844,VDZ,Valdez,AK,35579
845,NUW,Whidbey Island,WA,33772
846,HOB,Hobbs,NM,32177
847,CYT,Cape Yakataga,AK,31234
848,A29,Kiluda Bay,AK,30042
849,ORL,Orlando,FL,31454
850,ORI,Port Lions,AK,33934
851,VGT,Las Vegas,NV,32211
852,SKF,San Antonio,TX,33214
853,NHZ,Brunswick,ME,33674
854,SSC,Sumter,SC,34993
855,MI2,Holland,MI,32155
856,EED,Needles,CA,31491
857,LEB,Lebanon-Hanover,NH,32932
858,AMK,Durango,CO,30285
859,LWT,Lewistown,MT,33128
860,SAF,Santa Fe,NM,34674
861,ATU,Attu,AK,30406
862,CLU,Columbus,IN,31058
863,MCE,Merced,CA,33194
864,AA1,Bethel,AK,30113
865,DBQ,Dubuque,IA,31274
866,TTN,Trenton,NJ,35356
867,XWH,Aztec,NM,35941
868,OGD,Ogden,UT,32131
869,SUA,Stuart,FL,35030
870,F70,Murrieta/Temecula,CA,31627
871,OXC,Waterbury,CT,33987
872,FNL,Fort Collins/Loveland,CO,31719
873,MLI,Moline,IL,33367
874,KCR,Colorado Creek,AK,32642
875,UVA,Uvalde,TX,35511
876,HNH,Hoonah,AK,32171
877,LIJ,Long Island,AK,32983
878,SUW,Superior,WI,35047
879,DET,Detroit,MI,31295
880,MUO,Mountain Home,ID,33525
881,MTN,Baltimore,MD,30852
882,ELV,Elfin Cove,AK,31545
883,FLO,Florence,SC,31699
884,HUF,Terre Haute,IN,32228
885,PRC,Prescott,AZ,34237
886,AUO,Auburn,AL,30419
887,LKK,Kulik Lake,AK,33003
888,CGI,Cape Girardeau,MO,30967
889,OKK,Kokomo/Logansport/Peru,IN,33854
890,TWD,Port Townsend,WA,35387
891,DTN,Shreveport,LA,30476
892,MKL,Jackson,TN,33348
893,SCK,Stockton,CA,34716
894,SPB,Charlotte Amalie,VI,34945
895,FNR,Funter Bay Alaska,AK,31720
896,DTO,Denton,TX,31430
897,SDM,San Diego,CA,33570
898,MTJ,Montrose/Delta,CO,33502
899,HLG,Wheeling,WV,32153
900,SDX,Sedona,AZ,34744
901,IWD,Ironwood,MI,32412
902,TKE,Tenakee,AK,35231
903,AA8,Deadhorse,AK,30073
904,MKG,Muskegon,MI,33344
905,ZXU,North Kingstown,RI,36353
906,XXV,Decatur,WA,35979
907,PAH,Paducah,KY,34006
908,WSX,Westsound,WA,35856
909,SLK,Saranac Lake/Lake Placid,NY,34875
910,JRB,New York,NY,31703
911,KLN,Larsen Bay,AK,32721
912,OWB,Owensboro,KY,33983
913,A57,International Seafoods,AK,36440
914,BTM,Butte,MT,30779
915,BJC,Broomfield,CO,30630
916,KOZ,Ouzinkie,AK,32772
917,DQL,Anchorage,AK,30299
918,BBX,Blue Bell,PA,30504
919,LKE,Seattle,WA,30559
920,TVL,Lake Tahoe,CA,35383
921,BEH,Benton Harbor/St. Joseph,MI,30543
922,ASE,Aspen,CO,30372
923,SKJ,Sitkinak,AK,34855
924,CNY,Moab,UT,31092
925,PSF,Pittsfield,MA,34255
926,HTO,East Hampton,NY,32222
927,RQR,Harbor Springs,MI,34610
928,MHM,Minchumina,AK,33016
929,A23,Bradley Lake,AK,30036
930,DGB,Danger Bay,AK,31299
931,KAE,Kake,AK,32610
932,A31,Selief Bay,AK,30044
933,FTY,Atlanta,GA,30397
934,II2,Chicago/Romeoville,IL,30977
935,PYM,Plymouth,MA,34332
936,KEH,Kenmore,WA,30559
937,TWA,Twin Hills,AK,35385
938,INL,International Falls,MN,32343
939,WMK,Meyers Chuck,AK,35793
940,TIW,Tacoma,WA,31979
941,NNK,Naknek,AK,33714
942,OWD,Norwood,MA,33984
943,CNM,Carlsbad,NM,31085
944,AZ3,Glendale,AZ,30466
945,PCE,Painter Creek,AK,34040
946,NJ2,West Creek,NJ,33686
947,ANP,Annapolis,MD,30309
948,MOS,Moses Point,AK,33432
949,SQV,Sequim,WA,34972
950,RDG,Reading,PA,34488
951,ALM,Alamogordo,NM,30266
952,ZXN,Clover Bay,AK,36346
953,WQR,Naknek,AK,33714
954,RIL,Rifle,CO,34530
955,1B1,Hudson,NY,30010
956,MYH,Marble Canyon,AZ,33572
957,MWC,Milwaukee,WI,33342
958,QQU,Window Rock,AZ,34431
959,CDR,Chadron,NE,30925
960,BYW,Blakely Island,WA,30844
961,LPS,Lopez Island,WA,33055
962,UGN,Waukegan,IL,35447
963,HVN,New Haven,CT,32244
964,BQK,Brunswick,GA,30731
965,CHP,Circle Hot Springs,AK,30991
966,A17,Port Vita,AK,30030
967,FID,Fishers Island,NY,31672
968,MPV,Montpelier/Barre,VT,33450
969,MLB,Melbourne,FL,33360
970,FVX,Grace Harbor,AK,31820
971,MUE,Kamuela,HI,33520
972,MEI,Meridian,MS,33241
973,REB,Redlands,CA,34495
974,BLM,Belmar/Farmingdale,NJ,30670
975,JGG,Williamsburg,VA,33667
976,PEC,Pelican,AK,34062
977,AKC,Akron,OH,30647
978,NPT,Newport,RI,33731
979,GBR,Great Barrington,MA,31862
980,ISS,Wiscasset,ME,32394
981,BVY,Beverly,MA,30815
982,HFD,Hartford,CT,30529
983,CLD,Carlsbad,CA,31041
984,GED,Georgetown,DE,31883
985,RKD,Rockland,ME,34539
986,BMX,Big Mountain,AK,30692
987,B19,Biddeford,ME,30471
988,SGR,Sugar Land,TX,34792
989,PTD,Port Alexander,AK,34270
990,A84,Denali,AK,30097
991,FLT,Flat,AK,31702
992,WYB,Yes Bay,AK,35894
993,SPS,Wichita Falls,TX,34960
994,OHC,Northeast Cape,AK,33841
995,LEW,Lewiston/Auburn,ME,32944
996,MGY,Dayton,OH,31267
997,HGZ,Hogatza,AK,32122
998,08A,Elizabeth Island,AK,30008
999,A03,Hallo Bay,AK,30016
1000,A37,Kako,AK,30050
1001,PWT,Bremerton,WA,34323
1002,ARB,Ann Arbor,MI,30348
1003,PCA,Portage Creek,AK,34037
1004,PBK,Pack Creek,AK,34028
1005,HHH,Hilton Head,SC,32124
1006,A71,Homer,AK,30009
1007,UMB,Umnak,AK,35467
1008,VNC,Venice,FL,35615
1009,RSJ,Rosario,WA,34628
1010,ND1,Kindred,ND,33637
1011,A72,Chinitna Bay,AK,30085
1012,SUE,Sturgeon Bay,WI,35033
1013,ORT,Northway,AK,33940
1014,CIL,Council,AK,31008
1015,AR1,Russellville,AR,30345
1016,SSI,Brunswick,GA,30731
1017,MTP,Montauk Point,NY,33507
1018,PWK,Chicago,IL,30977
1019,EWB,New Bedford/Fall River,MA,31615
1020,ZXF,Illinois Creek,AK,36339
1021,OQI,Vrems,AK,33908
1022,VWE,Chelan,WA,35650
1023,UIN,Quincy,IL,35454
1024,TEX,Telluride,CO,35177
1025,AUM,Austin/Albert Lea,MN,30417
1026,LCI,Laconia,NH,32916
1027,RBH,Brooks Lodge,AK,34468
1028,LKP,Lake Placid,NY,33008
1029,FXE,Fort Lauderdale,FL,32467
1030,VLD,Valdosta,GA,35550
1031,OQP,Pumice,AK,33914
1032,OLM,Olympia,WA,33865
1033,ESN,Easton,MD,31592
1034,WGO,Winchester,VA,35749
1035,HLM,Holland,MI,32155
1036,ISM,Orlando,FL,31454
1037,RMN,Stafford,VA,34557
1038,WQZ,Chignik Lake,AK,32631
1039,OGS,Ogdensburg,NY,33832
1040,MRK,Marco Island,FL,33469
1041,PVC,Provincetown,MA,34306
1042,OSH,Oshkosh,WI,33949
1043,FCM,Minneapolis,MN,31650
1044,EKI,Elkhart,IN,31523
1045,HBH,Hobart Bay,AK,32079
1046,A52,Silver Salmon Creek,AK,30065
1047,GMU,Greenville,SC,31871
1048,A26,Ivotuk,AK,30039
1049,GUS,Peru,IN,32021
1050,GWO,Greenwood,MS,32039
1051,HHR,Hawthorne,CA,32575
1052,BCB,Blacksburg,VA,30508
1053,NJ1,Berlin,NJ,33685
1054,GFL,Glens Falls,NY,31899
1055,AFK,Nebraska,NE,30190
1056,WWA,Wasilla,AK,35849
1057,AA4,Kachemak Bay,AK,30116
1058,RNT,Renton,WA,34572
1059,NEW,New Orleans,LA,33495
1060,KLW,Klawock,AK,30007
1061,LZU,Lawrenceville,GA,33151
1062,GUC,Gunnison,CO,32012
1063,AIK,Aiken,SC,30224
1064,MMH,Mammoth Lakes,CA,33388
1065,VZM,Jensens Strip,AK,35688
1066,ESF,Alexandria,LA,30185
1067,WWD,Cape May,NJ,35882
1068,UOX,Oxford,MS,35481
1069,A02,Deadmans Bay,AK,30015
1070,WST,Westerly,RI,35855
1071,KY3,Mount Sterling,KY,32861
1072,BFT,Beaufort,SC,30569
1073,A28,Ayakulik River,AK,30041
1074,XWF,Jerome,ID,35939
1075,VWH,Midland/Odessa,TX,33158
1076,MCD,Mackinac Island,MI,33193
1077,SWD,Seward,AK,35069
1078,A40,Cape Simpson,AK,30053
1079,VA4,Leesburg,VA,35548
1080,POU,Poughkeepsie,NY,34212
1081,ART,Watertown,NY,30361
1082,VZR,Katmai Bay,AK,35693
1083,PPC,Prospect Creek,AK,34218
1084,ROG,Rogers,AR,34577
1085,NJ3,Somerville,NJ,34899
1086,BID,Block Island,RI,30613
1087,SCH,Schenectady,NY,34713
1088,CCR,Concord,CA,32457
1089,OSU,Columbus,OH,31066
1090,B21,Carrabassett,ME,30472
1091,OCE,Ocean City,MD,33808
1092,PBX,Pikeville,KY,34034
1093,VEL,Vernal,UT,35582
1094,CEX,Chena Hot Springs,AK,30948
1095,PGS,Peach Springs,AZ,30011
1096,KQA,Akutan,AK,32786
1097,OTS,Anacortes,WA,33968
1098,AFP,Wadesboro,NC,30192
1099,JLN,Joplin,MO,32511
1100,BVD,Beaver Inlet,AK,30809
1101,BFK,Aurora,CO,30325
1102,A27,Pogo Mines,AK,30040
1103,LIV,Livengood,AK,32993
1104,VWK,Saratoga Springs,NY,35656
1105,BTP,Butler,PA,30780
1106,TEH,Tetlin,AK,35170
1107,MA1,Edgartown,MA,33152
1108,ALW,Walla Walla,WA,30275
1109,UXA,Lik Camp,AK,35515
1110,HVR,Havre,MT,32245
1111,BRL,Burlington,IA,30744
1112,LUP,Kalaupapa,HI,33109
1113,JBR,Jonesboro,AR,32455
1114,BDY,Bandon,OR,30538
1115,MNZ,Manassas,VA,33418
1116,TSG,Tanacross,AK,35339
1117,ACB,Bellaire,MI,30149
1118,TLF,Telida,AK,35248
1119,AZ2,Williams,AZ,30464
1120,HRO,Harrison,AR,32207
1121,JRF,Kapolei,HI,32549
1122,NIP,Jacksonville,FL,31136
1123,ELD,El Dorado,AR,31531
1124,TX6,Horseshoe Bay,TX,30423
1125,TSS,New York,NY,31703
1126,HWD,Hayward,CA,32247
1127,RSN,Ruston,LA,34630
1128,FWS,Fort Worth,TX,30194
1129,MTC,Mt. Clemens,MI,33498
1130,STF,Starkville,MS,35011
1131,SOP,Pinehurst/Southern Pines,NC,34938
1132,STC,St. Cloud,MN,32556
1133,IRK,Kirksville,MO,32375
1134,LAM,Los Alamos,NM,32883
1135,FFO,Dayton,OH,31267
1136,LJN,Lake Jackson,TX,32999
1137,OFF,Omaha,NE,33316
1138,LNS,Lancaster,PA,33032
1139,NRB,Mayport,FL,33739
1140,DQK,Fort Drum,NY,31391
1141,SC1,Beaufort,SC,30569
1142,LUF,Phoenix,AZ,30466
1143,NUQ,Mountain View,CA,33771
1144,NJK,El Centro,CA,32363
1145,VQS,Vieques,PR,35626
1146,HOP,Hopkinsville,KY,32187
1147,NTD,Port Hueneme,CA,33756
1148,LAL,Lakeland,FL,33195
1149,JCI,Olathe,KS,33198
1150,STJ,St. Joseph,MO,35014
1151,SKA,Spokane,WA,31884
1152,MMT,Columbia,SC,30868
1153,RCA,Rapid City,SD,34457
1154,NPA,Pensacola,FL,33728
1155,AWK,Wake Island,TT,30439
1156,LWB,Lewisburg,WV,33121
1157,VAD,Valdosta,GA,35550
1158,UST,St. Augustine,FL,35497
1159,CVN,Clovis,NM,31197
1160,CSM,Clinton,OK,31048
1161,ARA,New Iberia,LA,30347
1162,MSS,Massena,NY,33490
1163,MAZ,Mayaguez,PR,33176
1164,PSE,Ponce,PR,34254
1165,WYS,West Yellowstone,MT,35897
1166,OXR,Oxnard/Ventura,CA,33988
1167,TIQ,Tinian,TT,35215
1168,MOD,Modesto,CA,33424
1169,SBD,San Bernardino,CA,34691
1170,SME,Somerset,KY,34892
1171,IDP,Independence,KS,32283
1172,ADM,Ardmore,OK,30167
1173,GOL,Gold Beach,OR,31959
1174,MVN,Mount Vernon,IL,33537
1175,LSD,Lexington,KY,32945
1176,CWI,Clinton,IA,31207
1177,OLS,Nogales,AZ,33868
1178,DCU,Decatur,AL,31282
1179,JVL,Beloit/Janesville,WI,32571
1180,ILE,Killeen,TX,31982
1181,LOZ,London/Corbin,KY,33046
1182,CEV,Connersville,IN,30946
1183,JON,Johnston Island,TT,32535
1184,QAO,Lyndonville,VT,33014
1185,BVX,Batesville,AR,30814
1186,FQI,Scott,KY,31742
1187,CKV,Clarksville,TN,31035
1188,FAK,False Island,AK,31632
1189,PIM,Pine Mountain,GA,34116
1190,HUM,Houma,LA,32233
1191,HLI,Hollister,CA,32154
1192,BYH,Blytheville,AR,30838
1193,GPZ,Grand Rapids,MN,31974
1194,LYU,Ely,MN,33144
1195,RDR,Red River,ND,34490
1196,LFK,Lufkin,TX,32948
1197,MDY,Midway Island,TT,33234
1198,CIG,Craig,CO,31004
1199,SCJ,Smith Cove,AK,34715
1200,AKO,Akron,CO,30246
1201,AYS,Waycross,GA,30460
1202,SAW,Marquette,MI,33459
1203,APF,Naples,FL,30329
1204,LVK,Livermore,CA,33117
1205,CPX,Culebra,PR,31126
1206,AL7,Jasper,AL,36652
1207,MQI,Quincy,MA,36618
1208,ASN,Talladega,AL,30380
1209,CEW,Crestview,FL,30947
1210,1G4,Peach Springs,AZ,30011
1211,7AK,Akun,AK,36553
1212,RQZ,Mary Esther,FL,34618
1213,NIN,Ninilchik,AK,33681
1214,MFD,Mansfield,OH,33255
1215,KNB,Kanab,UT,32745
1216,DQS,Whitmore,AZ,31399
1217,QMA,Kennesaw,GA,30397
1218,GA6,Canton,GA,36656
1219,A1K,Deadhorse1,AK,36651
1220,ECP,Panama City,FL,31481
1221,XSD,Tonopah,NV,35308
1222,NTU,Oceana,VA,33763
1223,MMI,Athens,TN,33389
1224,BYA,Boundary,AK,30834
1225,HIO,Hillsboro,OR,32136
1226,GVL,Gainesville,GA,32028
1227,JRV,Ceiba,PR,33743
1228,TDF,Roxboro,NC,35163
1229,L41,Marble Canyon,AZ,33572
1230,FBS,Friday Harbor,WA,31646
1231,TNT,Miami,FL,32467
1232,BBD,Brady,TX,36648
1233,CNO,Chino,CA,31086
1234,LPR,Lorain/Elyria,OH,35534
1235,HKS,Jackson,MS,32448
1236,PA2,Bedford,PA,34001
1237,NC1,Gastonia,NC,33619
1238,OPH,Ophir,AK,33899
1239,AK7,Rampart,AK,34559
1240,VZA,Marvel Creek Mine,AK,35676
1241,LA2,Hammond,LA,36544
1242,QQY,San Marcos,TX,34435
1243,MYF,San Diego,CA,33570
1244,VWN,Parker,AZ,35659
1245,FAQ,Fitiuta Village,TT,36631
1246,DIO,Diomede Island,AK,31317
1247,WA9,Brewster,WA,36506
1248,MT2,Three Forks,MT,31814
1249,AUW,Wausau,WI,30424
1250,CHD,Chandler,AZ,30982
1251,IKV,Ankeny,IA,32317
1252,AUZ,Aurora,IL,30427
1253,VPZ,Valparaiso,IN,35625
1254,DKK,Dunkirk,NY,31331
1255,UXK,Petaluma,CA,35525
1256,RQN,Cave Junction,OR,34606
1257,UGS,Ugashik,AK,34464
1258,FAL,Roma,TX,31633
1259,QQN,Woodlake,CA,34424
1260,OGA,Ogallala,NE,33827
1261,TX1,Mesquite,TX,35393
1262,SVH,Statesville,NC,35054
1263,TPL,Temple,TX,35310
1264,JCT,Junction,TX,36680
1265,C1A,Patterson,CA,36681
1266,A3K,Smith Bay,AK,36677
1267,DUA,Durant,OK,31434
1268,GPM,Grand Prairie,TX,31971
1269,MNN,Marion,OH,33410
1270,WUQ,Ocean Shores,WA,35870
1271,PUL,Poulsbo,WA,34295
1272,WA1,Camp Orkila Eastsound,WA,36635
1273,HVC,Hopkinsville,KY,32187
1274,JWY,Midlothian/Waxahachie,TX,36541
1275,RBW,Walterboro,SC,36528
1276,TKF,Truckee,CA,35232
1277,TTD,Troutdale,OR,35351
1278,BKE,Baker,OR,30641
1279,CLG,Coalinga,CA,31044
1280,CTZ,Clinton,NC,36525
1281,N1C,Cherry Point,NC,33697
1282,AVW,Tucson,AZ,30436
1283,IN1,Auburn,IN,32336
1284,HUT,Hutchinson,KS,32236
1285,A20,Alpine,AK,30033
1286,BMC,Brigham City,UT,30680
1287,CGF,Cleveland,OH,30647
1288,06A,Kizhuyak,AK,30006
1289,WA3,Shaw Island,WA,36638
1290,EEN,Keene,NH,31493
1291,MVL,Morrisville,VT,33535
1292,QSO,Southbridge,MA,34441
1293,WSB,Steamboat Bay,AK,35846
1294,GAI,Gaithersburg,MD,31842
1295,ME3,Belfast,ME,36526
1296,MA4,Marshfield,MA,36516
1297,ASH,Nashua,NH,30374
1298,DE3,Dover-Cheswold,DE,36649
1299,DNL,Augusta,GA,30208
1300,6B0,Middlebury,VT,36431
1301,CEU,Clemson,SC,30945
1302,SEG,Selinsgrove,PA,34751
1303,PCT,Princeton,NJ,34044
1304,FRY,Fryeburg,ME,31773
1305,JLA,Cooper Lodge,AK,32509
1306,DHB,Deer Harbor,WA,36587
1307,LWM,Lawrence,MA,33125
1308,DXR,Danbury,CT,31364
1309,MI6,Dowagiac,MI,36665
1310,GON,New London/Groton,CT,31961
1311,UBF,Chatham,MA,35427
1312,WA7,Chelan,WA,35650
1313,EGV,Eagle River,WI,31510
1314,NAD,North Adams,MA,33599
1315,WVL,Augusta/Waterville,ME,30414
1316,PNE,Philadelphia,PA,34100
1317,UES,Waukesha,WI,35440
1318,AZ1,Grand Canyon,AZ,30463
1319,1NY,Penn Yan,NY,36557
1320,JZI,Portland,TN,32587
1321,MA5,Northampton,MA,36529
1322,MA2,Montague,MA,36469
1323,MSC,Mesa,AZ,33480
1324,VA6,Moneta,VA,36678
1325,VUO,Vancouver,WA,35640
1326,DQU,Ketchikan,AK,31401
1327,CT1,Plainville,CT,36442
1328,TOP,Topeka,KS,31726
1329,VT1,West Dover,VT,36573
1330,NY7,Skaneateles,NY,36488
1331,AID,Anderson,IN,30223
1332,VWD,Hanford,CA,35649
1333,PA7,Toughkenamon,PA,36655
1334,A2K,Bartletts,AK,30770
1335,CON,Concord,NH,31106
1336,PTW,Pottstown,PA,33596
1337,SBM,Sheboygan,WI,34695
1338,EGI,Crestview,FL,30947
1339,COE,Coeur d'Alene,ID,31098
1340,JZB,Orange,MA,32580
1341,SFZ,Smithfield,RI,34778
1342,AMW,Ames,IA,30294
1343,DTR,Decatur Island,WA,31431
1344,A50,Big Bay,AK,30063
1345,UXI,Calder Bay,AK,35523
1346,CBA,Corner Bay,AK,30886
1347,ENW,Kenosha,WI,31564
1348,ME4,Oxford,ME,36539
1349,FMY,Fort Myers,FL,31714
1350,VGC,Hamilton,NY,36452
1351,FQW,Fort Glenn,AK,31756
1352,PA9,Tarentum,PA,36671
1353,PA6,Pittsburgh,PA,30198
1354,BFB,Blue Fox Bay,AK,30556
1355,DE2,Middletown,DE,36510
1356,TN9,Sevierville,TN,36501
1357,ONH,Oneonta,NY,33783
1358,FVZ,Deadhorse,AK,30073
1359,ME2,Islesboro,ME,36495
1360,ME1,Rangeley,ME,33236
1361,UDG,Darlington,SC,35435
1362,TN5,Lafayette,TN,36676
1363,A43,Kodiak Island,AK,30056
1364,WSJ,San Juan,AK,35850
1365,MRF,Marfa,TX,36661
1366,HCB,Shoal Cove,AK,32086
1367,SFM,Sanford,ME,34769
1368,KLS,Kelso,WA,32725
1369,OLE,Olean,NY,33861
1370,DLS,The Dalles,OR,31342
1371,JZY,Grangeville,ID,32603
1372,EDW,Edwards,CA,31490
1373,EDE,Edenton,NC,31486
1374,OJC,Olathe,KS,33198
1375,AK6,Gold King 2,AK,36567
1376,GTY,Gettysburg,PA,36664
1377,BCT,Boca Raton,FL,30519
1378,MJX,Toms River,NJ,33338
1379,JZU,Bennington,VT,32599
1380,MD1,Michellville,MD,36460
1381,RLU,Bornite/Ruby Creek,AK,34551
1382,WQU,Portales,NM,35833
1383,DVT,Phoenix,AZ,30466
1384,A35,Kaktovik,AK,31828
1385,A63,Yukon Charley Rivvers,AK,30076
1386,CVS,Clovis,NM,31197
1387,RBD,Dallas/Fort Worth,TX,30194
1388,ALN,Alton,IL,31123
1389,AK5,Qugruc,AK,36566
1390,VZE,Frazer Lake,AK,35680
1391,PSK,Dublin,VA,34258
1392,N1Y,Canandaigua,NY,36662
1393,GVT,Greenville,TX,32031
1394,OFU,Ofu,TT,33826
1395,TIK,Oklahoma City,OK,33851
1396,WA6,Stehekin,WA,35707
1397,MXF,Montgomery,AL,33277
1398,RBN,Fort Jefferson,FL,34470
1399,AK4,Squaw Lake,AK,36500
1400,HQM,Hoquiam,WA,32200
1401,AK3,Fairbanks,AK,31517
1402,OQS,Sandy,AK,33917
1403,GSH,Goshen,IN,31994
1404,VWI,California City,CA,35654
1405,LGC,LaGrange,GA,32955
1406,04A,Lik,AK,30004
1407,TLR,Tulare,CA,35255
1408,RMG,Rome,GA,34554
1409,QQT,Peachtree City,GA,34430
1410,BVR,St. James,MI,30812
1411,CSV,Crossville,TN,31159
1412,CAR,Caribou,ME,30879
1413,TN7,Winchester,TN,35276
1414,AOH,Lima,OH,30317
1415,GSB,Goldsboro,NC,31992
1416,CA6,Chemehuevi Valley,CA,36507
1417,CWF,Lake Charles,LA,31205
1418,AK1,Seward Peninsula,AK,36479
1419,QAF,Jackpot,NV,34341
1420,VWZ,Granite Creek Mine,AK,35671
1421,HAR,Harrisburg,PA,32070
1422,SAD,Safford,AZ,34673
1423,CFT,Clifton,AZ,30958
1424,KKL,Karluk Lake,AK,32712
1425,UXY,Circle,MT,35539
1426,ICY,Icy Bay,AK,32279
1427,HOL,Holikachuk,AK,32183
1428,AK2,Bear Fish Camp,AK,36480
1429,CDW,Caldwell,NJ,30927
1430,LDJ,Linden,NJ,32925
1431,NY8,Mattituck,NY,36503
1432,IN3,Indianapolis,IN,32337
1433,ANN,Annette,AK,30307
1434,FIC,Fire Cove,AK,31674
1435,AL2,Alabaster,AL,30254
1436,UXM,47-Mile Mine,AK,35527
1437,HPV,Hanalei,HI,32172
1438,FQV,Volcano Bay,AK,31755
1439,PA5,West Chester,PA,36515
1440,MN5,Red Wing,MN,36492
1441,NY2,Fulton,NY,33782
1442,NY6,Johnstown,NY,36489
1443,WQL,Bluff,AK,35824
1444,MA3,Taunton,MA,36477
1445,SGT,Stuttgart,AR,34793
1446,CT2,Simsbury,CT,36485
1447,THV,York,PA,35203
1448,IA1,Shenandoah,IA,32260
1449,OH4,Marysville,OH,33836
1450,NY1,Kingston,NY,33781
1451,OCA,Key Largo,FL,32661
1452,PA4,Carlisle,PA,36509
1453,IGX,Chapel Hill,NC,32303
1454,PGC,Petersburg,WV,36514
1455,NC3,Shelby,NC,33621
1456,KS3,Hiawatha,KS,32128
1457,WSG,Washington,PA,35847
1458,BAR,Baker Island,AK,30487
1459,A04,Red Lake,AK,30017
1460,CIV,Chomley,AK,31014
1461,SC3,Conway,SC,34708
1462,TVI,Thomasville,GA,33280
1463,SEF,Sebring,FL,34750
1464,MPR,McPherson,KS,33447
1465,BIC,Big Creek,AK,30612
1466,PNN,Princeton,ME,36490
1467,BBC,Bay City,TX,30494
1468,DVN,Davenport,IA,33367
1469,LWC,Lawrence,KS,33122
1470,DSI,Destin,FL,31421
1471,NC7,Beaufort,NC,36502
1472,SHN,Shelton,WA,34810
1473,PWA,Oklahoma City,OK,33851
1474,TKI,Tokeen,AK,35235
1475,IA3,Red Oak,IA,32262
1476,SEE,San Diego,CA,33570
1477,GLS,Galveston,TX,31939
1478,MXC,Monticello,UT,33553
1479,SPA,Spartanburg,SC,31871
1480,MKT,Mankato,MN,32518
1481,BKX,Brookings,SD,30655
1482,HBG,Hattiesburg,MS,34109
1483,MPE,Madison,CT,36493
1484,FMH,Falmouth,MA,31709
1485,NBG,New Orleans,LA,33495
1486,GUF,Gulf Shores,AL,36422
1487,MS3,Philadelphia,MS,36462
1488,MS1,Grenada,MS,33478
1489,BIX,Biloxi,MS,30629
1490,DLF,Del Rio,TX,31335
1491,NV1,Overton,NV,33773
1492,CNW,Waco,TX,30155
1493,SMN,Salmon,ID,34897
1494,VBG,Lompoc,CA,33049
1495,PNC,Ponca City,OK,34180
1496,PLB,Plattsburgh,NY,34025
1497,KBE,Bell Island,AK,32622
1498,FVS,Rexburg,ID,31815
1499,A74,Nanwalek,AK,32649
1500,WDG,Enid,OK,31557
1501,MIO,Miami,OK,33314
1502,AR2,Conway,AR,30346
1503,GEY,Greybull,WY,31893
1504,DQF,Phoenix,AZ,30466
1505,WCL,Whalers Cove Lodge,AK,35730
1506,TX3,Port Isabel,TX,35395
1507,AXV,Wapakoneta,OH,30454
1508,WQJ,Peard Bay,AK,35822
1509,OQM,Meshik,AK,33911
1510,FAJ,Fajardo,PR,31631
1511,FQG,Snettisham,AK,31740
1512,C02,Bakersfield,CA,30561
1513,PKD,Park Rapids,MN,34133
1514,LPW,Little Port Walter,AK,33057
1515,UXT,Lorain/Elyria,OH,35534
1516,KY4,Henderson,KY,32862
1517,FVW,Golden Creek Mine,AK,31819
1518,THA,Tullahoma,TN,35195
1519,WV1,Charleston,WV,35873
1520,INW,Winslow,AZ,32351
1521,A56,Bear Lake,AK,30069
1522,K01,Russellville,KY,32605
1523,NCQ,Marietta,GA,33273
1524,SKY,Sandusky,OH,34865
1525,JRA,New York,NY,31703
1526,MIW,Marshalltown,IA,33322
1527,RVS,Tulsa,OK,34653
1528,VWC,Gallatin,TN,35648
1529,A62,Taylor Mountain Mine,AK,30075
1530,EKY,Bessemer,AL,31527
1531,VA2,Chesapeake,VA,35546
1532,XXR,Mariposa,CA,35975
1533,A01,Fairbanks/Ft. Wainwright,AK,31517
1534,OQV,Shirleyville,AK,33920
1535,BRY,Bardstown,KY,30756
1536,EPH,Ephrata/Moses Lake,WA,31567
1537,LJY,Lebanon,MO,33001
1538,JXN,Jackson,MI,32576
1539,WQS,Poplar,MT,35831
1540,A59,Ivatuk,AK,30072
1541,KLP,Kelp Bay,AK,32723
1542,OQY,Sivinuvik,AK,33923
1543,MOP,Mount Pleasant,MI,33429
1544,MPB,Miami,FL,32467
1545,PSX,Palacios,TX,34265
1546,EOK,Keokuk,IA,31566
1547,OH3,Chillicothe,OH,33835
1548,TDZ,Toledo,OH,35165
1549,MI1,Greenville,MI,33300
1550,HWI,Hawk Inlet,AK,32248
1551,RED,Reedsville,PA,34497
1552,ZXW,Paradise,CA,36355
1553,CUW,Cube Cove,AK,31188
1554,RRT,Warroad,MN,34623
1555,JSE,Juneau,AK,32523
1556,A51,Wien Lake,AK,30064
1557,KY5,Madisonville,KY,32863
1558,BAB,Marysville,CA,30474
1559,FPR,Fort Pierce,FL,31732
1560,II1,Rantoul,IL,32305
1561,RUI,Ruidoso,NM,34646
1562,DQI,Colusa,CA,31389
1563,XWL,Blackfoot,ID,35945
1564,SYI,Shelbyville/Tullahoma,TN,35093
1565,TDW,Amarillo,TX,30279
1566,BGS,Big Spring,TX,30582
1567,TX4,Ballinger,TX,35396
1568,UXP,Bay St. Louis,MS,35530
1569,VWX,Hondo,TX,35669
1570,KIB,Ivanof Bay,AK,32686
1571,GAD,Gadsden,AL,31840
1572,MRB,Martinsburg,WV,33463
1573,KCN,Chernofski,AK,32639
1574,SRC,Searcy,AR,34975
1575,FFM,Fergus Falls,MN,31667
1576,A14,Whitebear,AK,30027
1577,MRN,Morganton,NC,33470
1578,SNY,Sidney,NE,34927
1579,GBG,Galesburg,IL,31858
1580,DTL,Detroit Lakes,MN,31427
1581,ZXX,Kennewick,WA,36356
1582,POC,La Verne,CA,34198
1583,MDR,Medfra,AK,33228
1584,MYL,McCall,ID,33575
1585,XWC,Yantarni Bay,AK,35936
1586,WQW,David River,AK,35835
1587,A49,Mooseville Airstrip,AK,30062
1588,QQC,Nimiuk Point,AK,34413
1589,LSR,Lost River,AK,33083
1590,A54,Cannery Bay,AK,30067
1591,KUW,Kugururok River,AK,32837
1592,VZF,Afognak Straits,AK,35681
1593,BQV,Bartlett Cove,AK,30735
1594,A45,Lake Florence,AK,30058
1595,TAV,Tau,TT,35132
1596,A58,Cosna River,AK,30071
1597,A53,Blear Lake,AK,30066
1598,A61,Cape Sarichef,AK,30074
1599,POQ,Polk Inlet,AK,34208
1600,QQE,Sealing Point,AK,34415
1601,A73,McKinley Park,AK,30086
1602,A11,Bell Creek,AK,30024
1603,ZXK,Lancaster Cove,AK,36343
1604,OH5,Cincinnati,OH,33105
1605,KDK,Kodiak,AK,30070
1606,MT1,Colstrip,MT,33497
1607,A13,Mountaintop Mine,AK,30026
1608,KSR,Sandy River,AK,32812
1609,DQN,New Smyrna Beach,FL,31394
1610,CSU,Cape Sabine,AK,31158
1611,WLB,Labouchere Bay,AK,35781
1612,OQB,Bible Camp,AK,33902
1613,PMD,Palmdale,CA,34162
1614,VWR,Independence,CA,35663
1615,DQW,Peach Springs,AZ,30011
1616,NSF,Camp Springs,MD,30172
1617,JEF,Jefferson City,MO,32474
1618,NXX,Willow Grove,PA,33780
1619,INS,Indian Springs,NV,32347
1620,UCA,Utica/Rome,NY,35431
1621,ECG,Elizabeth City,NC,31479
1622,HUL,Houlton,ME,32232
1623,A39,Ptarmigan Lake,AK,30052
1624,A4K,Dune Lake,AK,36679
1625,T5X,Castroville ,TX,36689
1626,PBF,Pine Bluff,AR,34024
1627,EGP,Eagle Pass,TX,31506
1628,TN4,Pulaski,TN,35273
1629,TN6,Dyersburg,TN,35275
1630,VA7,Bridgewater,VA,36700
1631,A6K,Fairbanks1,AK,36699
1632,UCY,Union City,TN,35433
1633,A7K,Nakochna,AK,36702
1634,FET,Fremont,NE,31663
1635,SGH,Springfield,OH,34785
1636,O1H,Millersburg,OH,36701
1637,COF,Cocoa Beach,FL,31099
1638,GNT,Grants,NM,36722
1639,MFH,Mesquite,NV,33259
1640,OR4,Bend,OR,36546
1641,N2C,Monroe,NC,36698
1642,AAF,Apalachicola,FL,30122
1643,UT1,Heber,UT,35498
1644,NH2,Gorham,NH,36709
1645,IML,Imperial,NE,32332
1646,CT6,East Haddam,CT,36663
1647,TN8,Nashville,TN,30693
1648,LOU,Louisville,KY,33044
1649,AR3,Bentonville,AR,36717
1650,AL8,Scottsboro,AL,36716
1651,T1N,Selmer,TN,36719
1652,SSW,Stuart Island,WA,35003
1653,NY5,Millbrook,NY,36443
1654,DWH,Houston,TX,31453
1655,DLO,Dolomi,AK,31341
1656,CTH,Coatesville,PA,31165
1657,MD2,Indian Head,MD,36690
1658,KZH,Kizhuyak,AK,30006
1659,CUB,Columbia,SC,30868
1660,VSF,Springfield,VT,35634
1661,NCO,North Kingstown,RI,36353
1662,ME7,Stonington,ME,36715
1663,IN7,Indianapolis,IN,32337
1664,CRE,Myrtle Beach,SC,31135
1665,MDF,Medford,WI,33219
1666,O2H,Mount Vernon,OH,36708
1667,IKK,Kankakee,IL,32314
1668,QMN,Mansfield,MA,34400
1669,N3C,Franklin,NC,36707
1670,ZZV,Zanesville,OH,36361
1671,T6X,Houston,TX,31453
1672,N2Y,Seneca Falls,NY,36694
1673,GQQ,Galion,OH,31975
1674,N3Y,Ticonderoga,NY,36703
1675,N4C,Sanford,NC,36726
1676,FHB,Fernandina Beach,FL,36363
1677,HAO,Hamilton,OH,32068
1678,ATO,Athens,OH,30400
1679,O3H,Columbus,OH,31066
1680,SAA,Saratoga,WY,34670
1681,CJR,Culpeper,VA,34371
1682,CTX,Cortland,NY,31174
1683,NY3,Brockport,NY,36685
1684,LPO,La Porte,IN,33052
1685,NH1,Hampton,NH,36534
1686,MS4,Batesville,MS,36720
1687,IL2,Effingham,IL,36721
1688,DMN,Deming,NM,31348
1689,LEE,Leesburg,FL,32934
1690,FDK,Frederick,MD,31656
1691,RKR,Poteau,OK,34542
1692,NV5,Gerlach,NV,36704
1693,RND,San Antonio,TX,33214
1694,KKU,Ekuk,AK,32716
1695,WDB,Wide Bay,AK,30084
1696,FQD,Katmai National Park,AK,36441
1697,ZXJ,Happy Harbour,AK,36342
1698,ECA,East Tawas,MI,31478
1699,HCA,Big Spring,TX,30582
1700,OQN,Telaquana Lake,AK,33912
1701,OQR,Twin Lakes,AK,33916
1702,TKL,Taku Lodge,AK,35238
1703,FQN,Karta Lake,AK,31747
1704,PLK,Point Lookout,MO,34147
1705,SLB,Storm Lake,IA,34868
1706,BNF,Baranof,AK,30697
1707,OQL,Mels,AK,33910
1708,MDD,Midland/Odessa,TX,33158
1709,DQZ,Platinum,AK,31406
1710,PFD,Port Frederick,AK,34077
1711,DNC,Duncan Canal,AK,31353
1712,OQA,McDonald Lake,AK,33901
1713,OQO,Chelatna Lake Lodge,AK,33913
1714,BYI,Burley/Rupert,ID,30839
1715,OQX,Shisholik,AK,33922
1716,SER,Seymour,IN,34756
1717,XXX,Mena,AR,35981
1718,QQJ,Stevensville,MT,34420
1719,A05,Shell Lake,AK,30018
1720,AED,Aleneva,AK,30176
1721,NRR,Ceiba,PR,33743
1722,FVQ,Donlin Creek,AK,31813
1723,FCH,Fresno,CA,31638
1724,UXZ,Garrison,ND,35540
1725,XWO,Kimball,NE,35948
1726,UXU,Cheboygan,MI,35535
1727,MLK,Malta,MT,33368
1728,CLK,Clinton,OK,31048
1729,PHN,Port Huron,MI,34101
1730,FQK,Gull Cove,AK,31744
1731,OQF,Lemesurier Island,AK,33905
1732,ILL,Willmar,MN,32322
1733,VZO,Stepovak,AK,35690
1734,FQH,Fire Island,AK,31741
1735,OQQ,Port Alsworth,AK,34268
1736,ZXI,Coal Bay,AK,36341
1737,VCB,View Cove,AK,35565
1738,HMS,Homeshore,AK,32165
1739,OQZ,American Creek,AK,33924
1740,FRP,Fresh Water Bay,AK,31768
1741,RXB,Rodman Bay,AK,34658
1742,HAY,Haycock,AK,32074
1743,A24,Chilkat Lake,AK,30037
1744,VZQ,Puale Bay,AK,35692
1745,DNN,Dalton,GA,31359
1746,ESP,Stroudsburg,PA,31593
1747,PNF,Peterson's Point,AK,34183
1748,WOW,Willow,AK,35807
1749,A25,Nugget Creek,AK,30038
1750,RQK,China Lake,CA,34603
1751,BKF,Brooks Lake,AK,30642
1752,GRF,Tacoma,WA,31979
1753,TPH,Tonopah,NV,35308
1754,RID,Richmond,IN,34525
1755,TSM,Taos,NM,35342
1756,FQB,Ventura,CA,31735
1757,SRW,Salisbury,NC,34988
1758,GA2,Carrollton,GA,31837
1759,MOR,Morristown,TN,33431
1760,FVG,Wickenburg,AZ,31803
1761,A81,Aglaq,AK,30094
1762,A80,Cape Simpson,AK,30053
1763,A48,Port Hobron,AK,30061
1764,COT,Cotulla,TX,31110
1765,SUM,Sumter,SC,34993
1766,XMD,Madison,SD,35915
1767,NC2,Smithfield,NC,33620
1768,FL2,Valkaria,FL,31687
1769,MWO,Middletown,OH,33549
1770,IRS,Sturgis,MI,32378
1771,ARV,Minocqua/Woodruff,WI,30363
1772,TN2,Sparta,TN,35271
1773,WMH,Mountain Home,AR,35792
1774,LWV,Lawrenceville,IL,33129
1775,MI3,Howell,MI,33302
1776,TN5,Lexington,TN,35274
1777,OOB,Cobol,AK,33893
1778,DNE,Dallas/Fort Worth,TX,30194
1779,POY,Powell,WY,34215
1780,SNL,Shawnee,OK,34916
1781,OH2,Bellefontaine,OH,33834
1782,PHD,New Philadelphia,OH,34096
1783,A79,Cape Simpson,AK,30053
1784,VA3,Marion/Wytheville,VA,35547
1785,OH6,Ravenna,OH,33838
1786,CGE,Cambridge,MD,30964
1787,A69,Cold Bay,AK,30082
1788,BGQ,Big Lake,AK,30580
1789,A78,Cape Simpson,AK,30053
1790,A12,Cinnabar,AK,30025
1791,FL4,Bunnell,FL,31689
1792,A89,Montague Island,AK,30102
1793,PTL,Port Armstrong,AK,34276
1794,OTM,Ottumwa,IA,33965
1795,ISQ,Manistique,MI,32392
1796,WAR,Warsaw,IN,35714
1797,NY3,Oneonta,NY,33783
1798,LRF,Jacksonville,AR,33063
1799,NLC,Lemoore,CA,33702
1800,TX2,Denver City,TX,35394
1801,ERV,Kerrville,TX,31582
1802,DWA,Davis/Woodland/Winters,CA,31452
1803,AXX,Eagle Nest,NM,30455
1804,DBN,Dublin,GA,31272
1805,NV2,Jean,NV,36552
1806,PWR,Big Port Walter,AK,34322
1807,NFL,Fallon,NV,31706
1808,MSV,Monticello,NY,33493
1809,NC4,Currituck,NC,33622
1810,09A,Homer,AK,30009
1811,AZ5,Springerville,AZ,36547
1812,CXC,Chitina,AK,31213
1813,NJ4,Ocean City,NJ,36554
1814,VZC,Mush Bay,AK,35678
1815,DAG,Daggett,CA,31257
1816,IN4,Indianapolis,IN,32337
1817,OBE,Okeechobee,FL,36527
1818,PUO,Prudhoe Bay,AK,34296
1819,OH9,Medina,OH,36520
1820,MQB,Macomb,IL,33452
1821,YKN,Yankton,SD,36102
1822,TOI,Troy,AL,36523
1823,VZL,Los Alamitos,CA,35687
1824,JDA,John Day,OR,32462
1825,DNV,Danville,IL,31363
1826,MXE,Maxton,NC,33554
1827,MCL,McKinley Park,AK,30086
1828,ZXB,Albuquerque,NM,30140
1829,A98,Deadfall,AK,30111
1830,SNK,Snyder,TX,34915
1831,AL4,Andalusia/Opp,AL,36423
1832,MS2,Picayune,MS,36414
1833,AZ4,Salome,AZ,36449
1834,ECU,Rocksprings,TX,31483
1835,U36,Aberdeen,ID,36433
1836,OLU,Columbus,NE,33869
1837,PRZ,Prineville,OR,34249
1838,RSL,Russell,KS,34629
1839,SLJ,Chandler,AZ,30982
1840,LWF,Lawrenceburg,TN,33123
1841,HBV,Hebbronville,TX,32083
1842,UOS,Sewanee,TN,36419
1843,SPW,Spencer,IA,34962
1844,MI4,Frankfort,MI,36427
1845,CRG,Jacksonville,FL,31136
1846,TWH,Two Harbors,CA,30437
1847,UXO,Fitchburg,MA,35529
1848,GTU,Georgetown,TX,32008
1849,UDD,Bermuda Dunes,CA,34262
1850,FVO,Aurora,OR,31811
1851,FFT,Frankfort,KY,31669
1852,LRO,Lathrop,CA,33070
1853,SD2,Gregory,SD,36451
1854,IOW,Iowa City,IA,32358
1855,PGR,Paragould,AR,36448
1856,NY4,Potsdam,NY,36428
1857,DTH,Death Valley,CA,31425
1858,ID1,Driggs,ID,35956
1859,CKM,Clarksdale,MS,31031
1860,WMC,Winnemucca,NV,35791
1861,CGS,College Park,MD,30975
1862,VYS,Peru,IL,35675
1863,NHK,Patuxent River,MD,33671
1864,JZL,San Clemente Island,CA,32590
1865,DPG,Dugway,UT,31377
1866,RWL,Rawlins,WY,34657
1867,EWK,Newton,KS,31616
1868,RWB,Rowan Bay,AK,34655
1869,SQI,Sterling/Rockfalls,IL,34966
1870,A09,Johnstone Point,AK,30022
1871,EFB,Eight Fathom Bight,AK,31494
1872,FQE,Annex Creek,AK,31738
1873,FQF,Davidson Creek,AK,31739
1874,CFV,Coffeyville,KS,30960
1875,LHV,Lock Haven,PA,32974
1876,OGB,Orangeburg,SC,33828
1877,EKX,Elizabethtown,KY,31526
1878,HSI,Hastings,NE,32212
1879,EHR,Eagle Harbor,AK,31513
1880,WI1,Black River Falls,WI,35760
1881,DQG,Springfield,TN,31387
1882,IDI,Indiana,PA,32281
1883,CXL,Calexico,CA,31218
1884,A42,Teshepkuk Lake,AK,30055
1885,TN3,Lewisburg,TN,35272
1886,WQP,Oceano,CA,35828
1887,A46,Lake Hasselborg,AK,30059
1888,XWS,Oliktok,AK,35952
1889,OIC,Norwich,NY,33845
1890,BTY,Beatty,NV,30786
1891,FQJ,Greens Creek,AK,31743
1892,HBC,Hanus Bay,AK,32076
1893,AIZ,Lake of the Ozarks,MO,30228
1894,OQG,Tracy Arm,AK,33906
1895,A85,Big River,AK,30098
1896,KBK,Klag Bay,AK,32624
1897,A18,Kantishna,AK,30031
1898,A41,Kogru River,AK,30054
1899,TWE,Taylor,AK,35388
1900,TYZ,Taylor,AZ,35413
1901,ZXP,Salmon Bay Lake,AK,36348
1902,AQY,Girdwood,AK,30344
1903,CTB,Cut Bank,MT,31162
1904,CBM,Columbus,MS,30894
1905,END,Enid,OK,31557
1906,BXS,Borrego Springs,CA,30832
1907,XMR,Cape Canaveral,FL,31405
1908,MHL,Marshall,MO,33291
1909,GLD,Goodland,KS,31929
1910,MZZ,Marion,IN,33595
1911,RIE,Rice Lake,WI,34526
1912,GCY,Greeneville,TN,31870
1913,MNM,Marinette,MI,33409
1914,SLO,Salem,IL,34878
1915,PPD,Humacao,PR,32226
1916,QKV,Kona Village,HI,34395
1917,CA7,Tracy,CA,36582
1918,NV3,Searchlight,NV,36558
1919,LOT,Chicago/Romeoville,IL,30977
1920,NM1,Belen,NM,36619
1921,NC9,Rockingham,NC,36624
1922,AZ6,Gila Bend,AZ,36623
1923,FSK,Fort Scott,KS,31777
1924,AK9,Tolstoi Bay,AK,36614
1925,OZA,Ozona,TX,33995
1926,GUY,Guymon,OK,32024
1927,NJ5,Sussex,NJ,36570
1928,VT2,Warren,VT,36608
1929,DAN,Danville,VA,31261
1930,WI3,Ehpriam,WI,36612
1931,ME5,Bethel,ME,36611
1932,CT4,New Milford,CT,36628
1933,CKU,Cordova,AK,30913
1934,HZL,Hazleton,PA,32259
1935,AA2,Naknek-1,AK,36645
1936,LQK,Pickens,SC,33058
1937,MVC,Monroeville,AL,36517
1938,JZN,Quincy,WA,32592
1939,CSN,Carson City,NV,31153
1940,MPO,Mt. Pocono,PA,33446
1941,CBF,Council Bluffs,IA,30889
1942,AWM,West Memphis,AR,30440
1943,CT5,Danielson,CT,36640
1944,ZXO,El Capitan,AK,36347
1945,A67,Viekoda Bay,AK,30080
1946,IWS,Houston,TX,31453
1947,KIP,Wichita Falls,TX,34960
1948,CGZ,Casa Grande,AZ,30979
1949,MIT,Shafter,CA,33319
1950,WBR,Big Rapids,MI,35726
1951,SWW,Sweetwater,TX,35078
1952,N87,Robbinsville,NJ,33597
1953,TOR,Torrington,WY,35299
1954,OWA,Owatonna,MN,33982
1955,A97,Akulik,AK,30110
1956,MAE,Madera,CA,33157
1957,NE2,Blair,NE,33646
1958,FLD,Fond Du Lac,WI,31693
1959,MEJ,Meadville,PA,33242
1960,EFK,Newport,VT,31496
1961,VUJ,Albemarle,NC,35639
1962,ONA,Winona,MN,33881
1963,RKW,Rockwood,TN,34546
1964,HIE,Whitefield,NH,32130
1965,XWK,Port Orchard,WA,35944
1966,OH7,Kent,OH,33839
1967,BYG,Buffalo,WY,30837
1968,1N7,Blairstown,NJ,30012
1969,DHT,Dalhart,TX,31309
1970,N47,Pottstown,PA,33596
1971,BNO,Burns,OR,30703
1972,OUN,Norman,OK,33976
1973,USA,CONCORD,NC,32544
1974,VQQ,Jacksonville,FL,31136
1975,RNH,New Richmond,WI,36746
1976,MN7,Minneapolis,MN,31650
1977,P2A,Philadelphia,PA,34100
1978,WKV,Philadelphia,PA,34100
1979,ASL,Marshall,TX,30378
1980,NJ8,West Milford,NJ,36765
1981,WI5,Moroe,WI,36766
1982,BFP,Beaver Falls,PA,30565
1983,TCC,Tucumcari,NM,35148
1984,JDX,Houston,TX,31453
1985,AL9,Sylacauga,AL,36763
1986,TRL,Terrell,TX,36764
1987,VA8,Richmond,VA,34524
1988,ULS,Ulysses,KS,36424
1989,A93,Bradley Lake Project,AK,30106
1990,SUO,Sunriver,OR,35042
1991,A94,Barrow,AK,30107
1992,A22,Driftwood Bay,AK,30035
1993,A96,Barrow,AK,30107
1994,A95,Barrow,AK,30107
1995,A92,Omolik Lagoon,AK,30105
1996,EVM,Eveleth,MN,31609
1997,A82,Nikiski,AK,30095
1998,OQK,Akolik,AK,33909
1999,GGE,Georgetown,SC,31904
2000,WI2,Phillips,WI,35761
2001,FL3,Chipley,FL,31688
2002,FVA,Osprey Lodge,AK,31797
2003,QQG,Westminster,MD,34417
2004,HSP,Hot Springs,VA,32215
2005,IKB,Wilkesboro,NC,32312
2006,CHL,Challis,ID,30987
2007,BOW,Bartow,FL,30722
2008,TOA,Torrance,CA,35289
2009,MMN,Stow,MA,33394
2010,LLX,Lyndonville,VT,33014
2011,MEV,Minden,NV,33251
2012,TX5,Cleburne,TX,35397
2013,MN2,Moose Lake,MN,33402
2014,JCC,San Francisco,CA,32457
2015,NE1,Gothenburg,NE,33645
2016,BFR,Bedford,IN,30567
2017,DQV,Haines,AK,31402
2018,AA5,Selby Lake,AK,30117
2019,HEZ,Natchez,MS,32106
2020,RQE,Prosser,WA,34597
2021,RBL,Red Bluff,CA,34469
2022,SC4,Moncks Corner,SC,36563
2023,OCI,Oceanic,AK,33811
2024,GA5,Thomson,GA,36568
2025,IJX,Jacksonville,IL,32310
2026,MFI,Marshfield,WI,33260
2027,CT3,Willimantic,CT,36578
2028,SC5,Summerville,SC,36569
2029,IN2,Indianapolis,IN,32337
2030,XXE,Lakewood,NJ,35964
2031,ONN,Onion Bay,AK,33888
2032,T9X,Carrizo Springs,TX,36759
2033,LLY,Mount Holly,NJ,33015
2034,SEM,Selma,AL,34753
2035,TX8,Slaton,TX,36412
2036,MKO,Muskogee,OK,33350
2037,TX7,Post,TX,35399
2038,A99,Eagle Creek,AK,30112
2039,SPZ,Springdale,AR,34964
2040,MHE,Mitchell,SD,33287
2041,JZQ,Brooksville,FL,32595
2042,N5C,Whiteville,NC,36730
2043,BFG,Glen Canyon,UT,36735
2044,PPM,Pompano Beach,FL,34223
2045,RSP,Raspberry Strait,AK,34631
2046,A75,Malina Bay,AK,30088
2047,ULM,New Ulm,MN,35462
2048,O5H,Bowling Green,OH,36736
2049,VHN,Van Horn,TX,36762
2050,GA7,Greensboro,GA,36757
2051,T2N,Clevland,TN,36750
2052,A34,Laura Lake,AK,30047
2053,A30,Terror Lake,AK,30043
2054,COM,Coleman,TX,31105
2055,VWS,Wichita,KS,30928
2056,ECS,Newcastle,WY,31482
2057,TAD,Trinidad,CO,35117
2058,LA3,Reserve,LA,36737
2059,VA5,Richmond,VA,34524
2060,A65,Karluk Portage,AK,30078
2061,O6H,Ashland,OH,36754
2062,PTS,Pittsburg,KS,34280
2063,BJJ,Wooster,OH,30632
2064,AL3,Huntsville,AL,30255
2065,MO3,Richland,MO,36749
2066,P1A,Farmington,PA,36751
2067,WI4,Middleton,WI,36752
2068,ADT,Ada,OK,36429
2069,BWC,Brawley,CA,36733
2070,PNX,Sherman-Denison,TX,34194
2071,KY6,Mayfield,KY,36758
2072,CO1,Monte Vista,CO,36745
2073,SLT,Salida,CO,34883
2074,MDJ,Madras,OR,33223
2075,LPC,Lompoc,CA,33049
2076,VIH,Vichy,MO,35597
2077,GWR,Gwinner,ND,32037
2078,ZXZ,Waterville,WA,36358
2079,A16,Arley Lake,AK,30029
2080,WA3,Burlington,WA,33540
2081,FQL,Flora,IL,31745
2082,GA1,Lafayette,GA,31836
2083,NSL,Merritt Island,FL,33750
2084,XXZ,Zuni Pueblo,NM,35983
2085,RNC,McMinnville,TN,34564
2086,CIN,Carroll,IA,31009
2087,SGW,Saginaw Bay,AK,34795
2088,DRA,Mercury,NV,31407
2089,HBY,Hood Bay,AK,32084
